Tweet,Likes,Retweets
Exploring the future of #CyberSecurity and its impact on the industry.,75,129
New trends in #AI are shaping the world.,441,294
How #Marketing is transforming businesses today!,355,69
Join us for insights on #Blockchain and innovation.,60,39
Exciting developments in #Crypto you should know about!,222,36
Exploring the future of #CyberSecurity and its impact on the industry.,430,185
New trends in #AI are shaping the world.,496,284
How #Marketing is transforming businesses today!,350,58
Join us for insights on #Blockchain and innovation.,467,160
Exciting developments in #Crypto you should know about!,274,46
Exploring the future of #CyberSecurity and its impact on the industry.,159,219
New trends in #AI are shaping the world.,365,93
How #Marketing is transforming businesses today!,183,91
Join us for insights on #Blockchain and innovation.,285,245
Exciting developments in #Crypto you should know about!,166,198
Exploring the future of #CyberSecurity and its impact on the industry.,373,58
New trends in #AI are shaping the world.,498,104
How #Marketing is transforming businesses today!,67,125
Join us for insights on #Blockchain and innovation.,131,134
Exciting developments in #Crypto you should know about!,457,181
Exploring the future of #CyberSecurity and its impact on the industry.,350,237
New trends in #AI are shaping the world.,351,230
How #Marketing is transforming businesses today!,129,122
Join us for insights on #Blockchain and innovation.,309,247
Exciting developments in #Crypto you should know about!,497,178
Exploring the future of #CyberSecurity and its impact on the industry.,406,176
New trends in #AI are shaping the world.,199,264
How #Marketing is transforming businesses today!,131,169
Join us for insights on #Blockchain and innovation.,107,85
Exciting developments in #Crypto you should know about!,171,125
Exploring the future of #CyberSecurity and its impact on the industry.,459,252
New trends in #AI are shaping the world.,70,27
How #Marketing is transforming businesses today!,385,75
Join us for insights on #Blockchain and innovation.,437,129
Exciting developments in #Crypto you should know about!,307,46
Exploring the future of #CyberSecurity and its impact on the industry.,168,130
New trends in #AI are shaping the world.,418,106
How #Marketing is transforming businesses today!,471,162
Join us for insights on #Blockchain and innovation.,213,144
Exciting developments in #Crypto you should know about!,468,133
Exploring the future of #CyberSecurity and its impact on the industry.,273,199
New trends in #AI are shaping the world.,189,63
How #Marketing is transforming businesses today!,185,293
Join us for insights on #Blockchain and innovation.,361,59
Exciting developments in #Crypto you should know about!,499,254
Exploring the future of #CyberSecurity and its impact on the industry.,284,281
New trends in #AI are shaping the world.,418,64
How #Marketing is transforming businesses today!,494,88
Join us for insights on #Blockchain and innovation.,349,227
Exciting developments in #Crypto you should know about!,414,30
Exploring the future of #CyberSecurity and its impact on the industry.,210,165
New trends in #AI are shaping the world.,210,107
How #Marketing is transforming businesses today!,391,37
Join us for insights on #Blockchain and innovation.,177,300
Exciting developments in #Crypto you should know about!,343,115
Exploring the future of #CyberSecurity and its impact on the industry.,274,50
New trends in #AI are shaping the world.,157,163
How #Marketing is transforming businesses today!,137,219
Join us for insights on #Blockchain and innovation.,316,64
Exciting developments in #Crypto you should know about!,385,74
Exploring the future of #CyberSecurity and its impact on the industry.,149,86
New trends in #AI are shaping the world.,394,96
How #Marketing is transforming businesses today!,312,81
Join us for insights on #Blockchain and innovation.,462,175
Exciting developments in #Crypto you should know about!,94,145
Exploring the future of #CyberSecurity and its impact on the industry.,88,153
New trends in #AI are shaping the world.,327,250
How #Marketing is transforming businesses today!,317,202
Join us for insights on #Blockchain and innovation.,161,278
Exciting developments in #Crypto you should know about!,123,293
Exploring the future of #CyberSecurity and its impact on the industry.,430,153
New trends in #AI are shaping the world.,178,123
How #Marketing is transforming businesses today!,255,123
Join us for insights on #Blockchain and innovation.,94,132
Exciting developments in #Crypto you should know about!,302,166
Exploring the future of #CyberSecurity and its impact on the industry.,375,231
New trends in #AI are shaping the world.,108,62
How #Marketing is transforming businesses today!,446,62
Join us for insights on #Blockchain and innovation.,340,133
Exciting developments in #Crypto you should know about!,466,263
Exploring the future of #CyberSecurity and its impact on the industry.,132,45
New trends in #AI are shaping the world.,497,147
How #Marketing is transforming businesses today!,396,207
Join us for insights on #Blockchain and innovation.,366,133
Exciting developments in #Crypto you should know about!,467,292
Exploring the future of #CyberSecurity and its impact on the industry.,429,120
New trends in #AI are shaping the world.,119,185
How #Marketing is transforming businesses today!,65,283
Join us for insights on #Blockchain and innovation.,248,146
Exciting developments in #Crypto you should know about!,299,115
Exploring the future of #CyberSecurity and its impact on the industry.,462,225
New trends in #AI are shaping the world.,434,288
How #Marketing is transforming businesses today!,277,236
Join us for insights on #Blockchain and innovation.,73,180
Exciting developments in #Crypto you should know about!,236,76
Exploring the future of #CyberSecurity and its impact on the industry.,168,156
New trends in #AI are shaping the world.,456,128
How #Marketing is transforming businesses today!,133,204
Join us for insights on #Blockchain and innovation.,243,178
Exciting developments in #Crypto you should know about!,361,289
Exploring the future of #CyberSecurity and its impact on the industry.,412,57
New trends in #AI are shaping the world.,198,35
How #Marketing is transforming businesses today!,419,129
Join us for insights on #Blockchain and innovation.,188,101
Exciting developments in #Crypto you should know about!,239,165
Exploring the future of #CyberSecurity and its impact on the industry.,297,96
New trends in #AI are shaping the world.,266,171
How #Marketing is transforming businesses today!,388,272
Join us for insights on #Blockchain and innovation.,210,241
Exciting developments in #Crypto you should know about!,309,211
Exploring the future of #CyberSecurity and its impact on the industry.,240,102
New trends in #AI are shaping the world.,309,25
How #Marketing is transforming businesses today!,133,203
Join us for insights on #Blockchain and innovation.,162,239
Exciting developments in #Crypto you should know about!,112,100
Exploring the future of #CyberSecurity and its impact on the industry.,158,282
New trends in #AI are shaping the world.,469,215
How #Marketing is transforming businesses today!,120,195
Join us for insights on #Blockchain and innovation.,194,270
Exciting developments in #Crypto you should know about!,214,172
Exploring the future of #CyberSecurity and its impact on the industry.,94,164
New trends in #AI are shaping the world.,294,175
How #Marketing is transforming businesses today!,488,125
Join us for insights on #Blockchain and innovation.,300,300
Exciting developments in #Crypto you should know about!,500,180
